,Razem,7-12,13-18,19-24,25-29,30-34,35-39,40-44,45-49,50-54,55-59,60-64,65-69,70-74,75-79,80-84,85,Nieustalony wiek,wojewodztwo,Data
1,404,0,13,24,37,40,37,32,32,27,48,40,27,19,12,9,7,0,polska,Jan2017
2,17,0,1,0,4,1,0,2,1,1,1,1,1,3,0,0,1,0,kuj-pom,Jan2017
3,7,0,0,0,0,1,0,1,1,1,1,1,1,0,0,0,0,0,podlaskie,Jan2017
4,20,0,1,2,1,0,1,3,3,0,4,2,0,2,1,0,0,0,pomorskie,Jan2017
5,16,0,1,1,0,1,2,2,2,3,2,0,1,0,0,0,1,0,lubuskie,Jan2017
6,47,0,1,2,4,5,4,3,4,1,8,2,4,3,3,1,2,0,slaskie,Jan2017
7,11,0,0,0,1,2,2,1,2,2,0,0,0,1,0,0,0,0,swietokrzyskie,Jan2017
8,28,0,0,0,4,3,3,0,2,3,5,6,1,0,1,0,0,0,malopolskie,Jan2017
9,28,0,1,2,2,1,2,1,1,1,6,3,4,3,1,0,0,0,lodzkie,Jan2017
10,31,0,0,5,3,1,1,2,3,2,5,7,2,0,0,0,0,0,lubelskie,Jan2017
11,18,0,0,2,3,1,1,2,1,0,1,1,1,2,0,2,1,0,warm-maz,Jan2017
12,15,0,0,0,1,3,2,1,0,1,4,1,1,0,1,0,0,0,opolskie,Jan2017
13,41,0,1,2,3,8,4,5,2,3,3,4,2,1,0,2,1,0,wielkopolskie,Jan2017
14,22,0,0,2,1,1,1,3,3,2,2,1,3,0,2,1,0,0,podkarpackie,Jan2017
15,19,0,0,1,2,3,4,0,3,1,3,1,0,0,0,1,0,0,zachpom,Jan2017
16,58,0,4,4,6,6,9,6,1,4,2,5,4,3,2,1,1,0,mazowieckie,Jan2017
17,26,0,3,1,2,3,1,0,3,2,1,5,2,1,1,1,0,0,dolnoslaskie,Jan2017
18,427,1,7,30,38,46,34,39,27,40,52,41,25,18,9,10,10,0,polska,Jan2018
19,15,0,0,2,1,2,0,1,2,3,1,0,2,1,0,0,0,0,kuj-pom,Jan2018
20,11,0,0,1,0,1,2,0,1,0,1,3,1,1,0,0,0,0,podlaskie,Jan2018
21,25,0,1,2,1,6,2,3,1,1,1,1,1,3,2,0,0,0,pomorskie,Jan2018
22,15,0,0,2,1,0,3,2,0,0,1,2,2,0,0,0,2,0,lubuskie,Jan2018
23,45,0,1,3,2,3,5,2,5,4,5,5,5,1,1,1,2,0,slaskie,Jan2018
24,12,0,1,1,1,0,0,1,0,3,0,2,1,1,1,0,0,0,swietokrzyskie,Jan2018
25,32,0,0,1,4,4,0,3,6,4,2,4,2,0,0,2,0,0,malopolskie,Jan2018
26,30,0,0,3,3,4,3,3,2,2,5,1,1,2,0,1,0,0,lodzkie,Jan2018
27,31,0,1,0,6,4,3,4,1,0,4,2,0,1,0,1,4,0,lubelskie,Jan2018
28,20,0,0,2,3,2,1,1,0,2,2,4,1,1,1,0,0,0,warm-maz,Jan2018
29,7,0,1,0,0,3,1,0,1,0,1,0,0,0,0,0,0,0,opolskie,Jan2018
30,23,0,0,0,3,1,0,4,1,1,5,2,2,2,2,0,0,0,wielkopolskie,Jan2018
31,22,1,0,1,1,3,3,1,0,4,6,0,1,0,1,0,0,0,podkarpackie,Jan2018
32,33,0,0,3,2,4,2,2,3,2,4,5,1,2,1,2,0,0,zachpom,Jan2018
33,67,0,2,5,6,8,6,7,3,9,7,6,3,2,0,1,2,0,mazowieckie,Jan2018
34,39,0,0,4,4,1,3,5,1,5,7,4,2,1,0,2,0,0,dolnoslaskie,Jan2018
35,398,0,6,37,32,28,49,29,37,26,32,39,19,24,14,12,13,1,polska,Jan2019
36,15,0,1,1,2,1,1,1,0,0,1,4,1,1,0,0,0,1,kuj-pom,Jan2019
37,14,0,0,1,3,0,0,2,1,1,2,0,0,0,0,4,0,0,podlaskie,Jan2019
38,30,0,0,3,2,0,5,5,3,4,3,0,1,3,1,0,0,0,pomorskie,Jan2019
39,14,0,0,2,0,0,1,1,2,2,2,1,1,0,1,1,0,0,lubuskie,Jan2019
40,44,0,0,2,5,4,6,3,4,1,3,5,2,2,3,0,4,0,slaskie,Jan2019
41,12,0,0,1,2,1,1,2,0,0,0,0,2,1,0,2,0,0,swietokrzyskie,Jan2019
42,35,0,0,6,2,3,3,0,6,1,4,3,2,2,0,2,1,0,malopolskie,Jan2019
43,23,0,1,2,1,0,4,0,4,0,2,3,0,4,1,0,1,0,lodzkie,Jan2019
44,19,0,0,2,0,1,1,3,3,2,4,1,1,0,1,0,0,0,lubelskie,Jan2019
45,15,0,1,0,1,3,4,0,0,0,0,3,1,1,1,0,0,0,warm-maz,Jan2019
46,9,0,0,2,0,1,3,1,0,0,1,0,0,0,1,0,0,0,opolskie,Jan2019
47,39,0,1,3,5,3,1,7,4,3,3,2,2,1,2,0,2,0,wielkopolskie,Jan2019
48,19,0,1,4,2,0,3,1,2,0,2,3,0,0,0,1,0,0,podkarpackie,Jan2019
49,26,0,0,2,2,3,3,1,1,3,1,4,3,2,0,0,1,0,zachpom,Jan2019
50,51,0,0,1,4,5,6,2,2,5,4,8,2,5,3,1,3,0,mazowieckie,Jan2019
51,33,0,1,5,1,3,7,0,5,4,0,2,1,2,0,1,1,0,dolnoslaskie,Jan2019
52,417,0,8,33,37,33,35,37,35,35,40,40,33,16,17,9,9,0,polska,Jan2020
53,28,0,1,2,6,2,0,1,3,4,4,1,3,0,0,1,0,0,kuj-pom,Jan2020
54,18,0,0,1,0,2,2,2,2,2,1,2,1,2,1,0,0,0,podlaskie,Jan2020
55,22,0,0,1,0,4,1,6,0,3,0,3,2,0,2,0,0,0,pomorskie,Jan2020
56,14,0,0,4,0,0,2,0,0,1,2,4,0,1,0,0,0,0,lubuskie,Jan2020
57,49,0,0,5,3,2,3,5,8,4,6,2,4,2,1,3,1,0,slaskie,Jan2020
58,13,0,0,0,1,0,1,0,1,1,2,2,0,2,1,1,1,0,swietokrzyskie,Jan2020
59,28,0,0,4,3,2,1,2,1,1,2,3,4,2,2,0,1,0,malopolskie,Jan2020
60,24,0,0,0,4,2,4,2,0,0,3,3,3,1,1,1,0,0,lodzkie,Jan2020
61,25,0,0,5,2,3,3,0,2,0,1,3,0,1,3,1,1,0,lubelskie,Jan2020
62,28,0,2,0,3,5,4,1,5,2,2,2,1,0,1,0,0,0,warm-maz,Jan2020
63,7,0,0,1,0,0,1,1,0,2,1,0,1,0,0,0,0,0,opolskie,Jan2020
64,32,0,1,2,4,2,3,5,2,2,4,0,3,1,2,0,1,0,wielkopolskie,Jan2020
65,21,0,0,1,1,1,1,1,1,1,6,2,2,2,2,0,0,0,podkarpackie,Jan2020
66,29,0,2,2,3,0,3,3,4,3,3,4,0,0,1,0,1,0,zachpom,Jan2020
67,52,0,1,3,5,5,5,4,5,7,0,7,5,2,0,1,2,0,mazowieckie,Jan2020
68,27,0,1,2,2,3,1,4,1,2,3,2,4,0,0,1,1,0,dolnoslaskie,Jan2020
69,402,0,6,23,33,46,34,32,40,37,39,46,23,15,7,12,9,0,polska,Feb2017
70,16,0,0,1,2,2,0,0,3,3,1,0,1,2,0,1,0,0,kuj-pom,Feb2017
71,13,0,0,1,0,3,1,1,0,3,3,1,0,0,0,0,0,0,podlaskie,Feb2017
72,24,0,0,3,1,3,2,4,2,0,3,1,3,0,0,1,1,0,pomorskie,Feb2017
73,9,0,1,0,1,2,1,0,0,0,1,1,0,0,0,1,1,0,lubuskie,Feb2017
74,49,0,3,2,3,5,2,4,8,2,8,5,2,2,1,1,1,0,slaskie,Feb2017
75,15,0,0,1,1,1,3,1,0,2,1,1,2,0,0,1,1,0,swietokrzyskie,Feb2017
76,30,0,1,1,3,3,4,2,1,1,2,3,4,1,3,1,0,0,malopolskie,Feb2017
77,20,0,0,1,2,1,3,0,2,1,2,3,2,1,0,0,2,0,lodzkie,Feb2017
78,26,0,0,0,3,0,3,2,3,3,3,7,0,0,0,2,0,0,lubelskie,Feb2017
79,20,0,0,1,2,1,1,1,3,3,1,4,2,0,1,0,0,0,warm-maz,Feb2017
80,9,0,0,0,0,2,1,1,1,1,1,0,2,0,0,0,0,0,opolskie,Feb2017
81,35,0,0,3,3,4,0,4,2,7,5,3,1,2,0,0,1,0,wielkopolskie,Feb2017
82,32,0,0,1,3,5,3,2,1,4,2,6,3,1,1,0,0,0,podkarpackie,Feb2017
83,19,0,0,1,1,4,0,2,2,1,2,3,0,2,0,1,0,0,zachpom,Feb2017
84,53,0,0,6,4,5,7,7,8,3,2,4,0,3,1,2,1,0,mazowieckie,Feb2017
85,32,0,1,1,4,5,3,1,4,3,2,4,1,1,0,1,1,0,dolnoslaskie,Feb2017
86,334,0,2,22,28,26,35,26,30,21,30,49,24,16,8,8,8,1,polska,Feb2018
87,17,0,0,1,2,0,3,2,2,2,1,3,0,1,0,0,0,0,kuj-pom,Feb2018
88,6,0,0,0,0,0,2,0,0,1,1,2,0,0,0,0,0,0,podlaskie,Feb2018
89,12,0,0,0,1,1,2,2,0,0,0,2,1,1,1,0,1,0,pomorskie,Feb2018
90,8,0,0,0,2,1,1,0,1,0,0,1,1,1,0,0,0,0,lubuskie,Feb2018
91,49,0,0,6,7,5,3,5,5,1,3,3,5,0,1,4,1,0,slaskie,Feb2018
92,9,0,0,0,1,0,1,0,1,1,2,1,2,0,0,0,0,0,swietokrzyskie,Feb2018
93,28,0,0,3,2,3,1,2,3,1,2,6,1,2,1,0,1,0,malopolskie,Feb2018
94,44,0,0,3,4,5,2,4,4,2,6,6,2,4,0,1,1,0,lodzkie,Feb2018
95,19,0,0,2,3,2,2,2,2,0,0,2,1,2,0,0,1,0,lubelskie,Feb2018
96,12,0,0,1,0,0,0,2,0,2,1,1,2,1,1,1,0,0,warm-maz,Feb2018
97,10,0,0,0,0,1,1,0,1,0,1,4,1,0,1,0,0,0,opolskie,Feb2018
98,28,0,0,0,1,1,3,1,3,4,2,7,4,1,0,1,0,0,wielkopolskie,Feb2018
99,15,0,0,1,2,1,3,2,1,0,4,0,0,1,0,0,0,0,podkarpackie,Feb2018
100,17,0,0,1,0,2,2,2,1,0,2,4,0,1,1,0,1,0,zachpom,Feb2018
101,48,0,2,2,2,2,7,2,5,7,5,7,3,1,1,1,0,1,mazowieckie,Feb2018
102,12,0,0,2,1,2,2,0,1,0,0,0,1,0,1,0,2,0,dolnoslaskie,Feb2018
103,386,0,5,39,36,38,32,26,33,31,35,33,25,20,11,11,11,0,polska,Feb2019
104,25,0,0,2,3,3,0,2,0,3,2,5,2,2,0,0,1,0,kuj-pom,Feb2019
105,14,0,1,0,0,0,3,2,0,4,2,1,0,1,0,0,0,0,podlaskie,Feb2019
106,25,0,0,7,2,4,0,0,0,2,1,3,0,1,2,2,1,0,pomorskie,Feb2019
107,12,0,0,1,1,2,2,0,0,1,1,0,2,2,0,0,0,0,lubuskie,Feb2019
108,39,0,0,4,5,4,4,3,3,2,3,2,4,3,2,0,0,0,slaskie,Feb2019
109,22,0,0,0,3,1,1,5,3,0,2,0,3,0,1,1,2,0,swietokrzyskie,Feb2019
110,32,0,1,2,7,0,3,1,1,3,0,5,5,1,1,0,2,0,malopolskie,Feb2019
111,18,0,1,1,0,1,2,0,7,1,2,1,0,2,0,0,0,0,lodzkie,Feb2019
112,18,0,0,1,2,3,0,1,3,2,1,1,1,0,0,2,1,0,lubelskie,Feb2019
113,22,0,0,2,3,1,2,3,1,3,2,2,0,2,0,0,1,0,warm-maz,Feb2019
114,12,0,0,2,0,2,2,1,0,1,1,0,2,0,1,0,0,0,opolskie,Feb2019
115,27,0,0,3,1,3,2,2,5,3,3,3,0,0,1,1,0,0,wielkopolskie,Feb2019
116,13,0,1,1,1,0,1,0,3,0,1,3,0,0,1,1,0,0,podkarpackie,Feb2019
117,21,0,0,4,0,4,3,0,0,1,4,2,0,2,1,0,0,0,zachpom,Feb2019
118,59,0,1,8,3,5,7,3,4,3,9,5,5,1,1,2,2,0,mazowieckie,Feb2019
119,27,0,0,1,5,5,0,3,3,2,1,0,1,3,0,2,1,0,dolnoslaskie,Feb2019
120,370,0,14,21,23,30,34,31,42,29,28,44,27,22,9,7,8,1,polska,Feb2020
121,15,0,1,0,0,0,2,0,1,2,2,2,0,3,1,1,0,0,kuj-pom,Feb2020
122,8,0,0,1,1,1,0,1,2,1,0,0,0,0,1,0,0,0,podlaskie,Feb2020
123,16,0,0,0,1,0,1,4,3,1,1,0,4,0,0,0,1,0,pomorskie,Feb2020
124,9,0,0,1,0,2,0,2,1,0,1,2,0,0,0,0,0,0,lubuskie,Feb2020
125,41,0,0,2,2,6,5,4,7,3,3,5,1,1,0,1,1,0,slaskie,Feb2020
126,15,0,0,0,0,2,0,1,0,0,2,3,3,3,0,0,1,0,swietokrzyskie,Feb2020
127,37,0,2,2,4,4,3,1,3,4,3,2,4,1,3,0,1,0,malopolskie,Feb2020
128,23,0,2,0,2,0,1,0,3,2,2,5,3,3,0,0,0,0,lodzkie,Feb2020
129,23,0,0,2,1,2,3,1,4,1,0,4,1,2,1,1,0,0,lubelskie,Feb2020
130,19,0,1,1,4,0,3,0,2,3,3,1,0,1,0,0,0,0,warm-maz,Feb2020
131,9,0,2,1,1,1,0,0,0,1,1,0,1,0,0,1,0,0,opolskie,Feb2020
132,33,0,0,3,1,3,4,3,5,3,1,6,0,2,1,0,1,0,wielkopolskie,Feb2020
133,17,0,0,3,0,1,1,4,1,0,1,3,1,1,1,0,0,0,podkarpackie,Feb2020
134,18,0,3,0,1,3,1,1,0,1,1,3,3,0,0,1,0,0,zachpom,Feb2020
135,58,0,2,4,3,3,8,6,5,5,5,4,5,2,1,2,2,1,mazowieckie,Feb2020
136,29,0,1,1,2,2,2,3,5,2,2,4,1,3,0,0,1,0,dolnoslaskie,Feb2020
137,450,0,9,28,37,38,44,29,35,34,45,56,32,21,18,11,13,0,polska,Mar2017
138,27,0,0,2,2,4,3,3,3,1,1,4,3,0,0,1,0,0,kuj-pom,Mar2017
139,13,0,1,1,1,0,2,0,0,0,4,2,0,0,1,1,0,0,podlaskie,Mar2017
140,29,0,1,3,1,3,1,1,3,4,2,4,2,1,0,1,2,0,pomorskie,Mar2017
141,13,0,0,3,0,1,1,0,1,0,3,0,1,1,1,0,1,0,lubuskie,Mar2017
142,48,0,2,4,10,2,3,3,1,6,2,3,4,2,6,0,0,0,slaskie,Mar2017
143,16,0,0,1,1,1,1,1,2,0,1,3,0,2,1,0,2,0,swietokrzyskie,Mar2017
144,35,0,0,2,2,1,6,1,3,2,4,4,3,2,3,1,1,0,malopolskie,Mar2017
145,30,0,0,1,1,3,1,4,3,1,4,4,3,2,0,2,1,0,lodzkie,Mar2017
146,32,0,1,4,4,0,2,1,2,2,2,8,4,0,0,2,0,0,lubelskie,Mar2017
147,23,0,0,1,4,3,3,1,1,2,1,1,0,2,1,1,2,0,warm-maz,Mar2017
148,12,0,0,2,0,4,0,0,0,0,2,0,1,0,1,2,0,0,opolskie,Mar2017
149,45,0,1,1,2,4,8,3,8,1,3,6,4,2,1,0,1,0,wielkopolskie,Mar2017
150,25,0,0,1,0,1,6,1,4,3,4,3,1,1,0,0,0,0,podkarpackie,Mar2017
151,14,0,1,0,0,1,0,1,1,4,0,1,1,1,2,0,1,0,zachpom,Mar2017
152,54,0,2,2,6,9,2,6,2,3,8,8,3,2,0,0,1,0,mazowieckie,Mar2017
153,34,0,0,0,3,1,5,3,1,5,4,5,2,3,1,0,1,0,dolnoslaskie,Mar2017
154,436,0,6,31,31,32,38,41,39,40,44,45,29,22,16,9,13,0,polska,Mar2018
155,22,0,0,0,1,3,3,0,3,1,4,1,2,3,0,0,1,0,kuj-pom,Mar2018
156,10,0,0,1,1,2,1,1,0,1,0,3,0,0,0,0,0,0,podlaskie,Mar2018
157,17,0,0,2,0,0,2,0,1,0,5,2,1,3,0,0,1,0,pomorskie,Mar2018
158,15,0,0,1,0,0,0,3,0,0,1,2,4,2,1,0,1,0,lubuskie,Mar2018
159,49,0,1,3,2,5,2,5,4,4,9,5,5,1,1,0,2,0,slaskie,Mar2018
160,18,0,0,0,0,2,1,5,1,4,1,4,0,0,0,0,0,0,swietokrzyskie,Mar2018
161,36,0,1,2,4,2,3,3,6,3,6,0,1,2,3,0,0,0,malopolskie,Mar2018
162,32,0,0,3,3,0,6,2,4,2,1,3,2,2,3,0,1,0,lodzkie,Mar2018
163,20,0,0,0,3,1,5,1,2,4,1,3,0,0,0,0,0,0,lubelskie,Mar2018
164,22,0,0,3,1,2,2,3,1,1,1,1,4,1,1,1,0,0,warm-maz,Mar2018
165,9,0,0,0,1,1,2,1,0,1,0,1,1,0,0,0,1,0,opolskie,Mar2018
166,38,0,0,4,2,2,1,4,5,3,3,7,3,2,1,1,0,0,wielkopolskie,Mar2018
167,30,0,2,1,4,2,3,3,4,4,0,3,0,0,2,0,2,0,podkarpackie,Mar2018
168,27,0,1,1,2,2,1,0,3,3,4,4,2,2,1,1,0,0,zachpom,Mar2018
169,61,0,1,6,6,8,5,8,4,4,1,3,3,3,3,4,2,0,mazowieckie,Mar2018
170,30,0,0,4,1,0,1,2,1,5,7,3,1,1,0,2,2,0,dolnoslaskie,Mar2018
171,417,0,5,29,33,44,32,40,31,31,29,47,42,21,14,8,11,0,polska,Mar2019
172,17,0,0,2,1,1,2,2,3,2,1,1,2,0,0,0,0,0,kuj-pom,Mar2019
173,17,0,0,0,0,4,1,1,2,0,1,2,3,1,2,0,0,0,podlaskie,Mar2019
174,28,0,0,3,2,3,5,1,2,1,3,1,4,0,3,0,0,0,pomorskie,Mar2019
175,10,0,0,0,2,0,2,0,1,0,1,2,1,1,0,0,0,0,lubuskie,Mar2019
176,50,0,0,3,3,8,1,3,3,3,4,6,7,4,3,1,1,0,slaskie,Mar2019
177,13,0,0,1,0,1,2,1,0,1,0,3,0,3,1,0,0,0,swietokrzyskie,Mar2019
178,41,0,0,4,3,4,2,3,1,7,4,4,2,1,0,2,4,0,malopolskie,Mar2019
179,17,0,1,0,2,1,0,5,0,1,1,2,2,1,0,0,1,0,lodzkie,Mar2019
180,18,0,0,2,3,1,1,1,2,1,1,3,0,2,1,0,0,0,lubelskie,Mar2019
181,17,0,2,1,1,0,0,3,1,2,1,5,1,0,0,0,0,0,warm-maz,Mar2019
182,12,0,0,0,2,2,1,2,0,1,1,0,3,0,0,0,0,0,opolskie,Mar2019
183,35,0,0,2,5,1,2,4,4,1,2,4,4,3,1,1,1,0,wielkopolskie,Mar2019
184,21,0,0,0,1,3,2,3,3,2,1,1,3,1,1,0,0,0,podkarpackie,Mar2019
185,16,0,0,1,3,0,1,2,0,1,4,3,1,0,0,0,0,0,zachpom,Mar2019
186,61,0,0,4,4,9,5,5,8,7,2,5,4,2,0,4,2,0,mazowieckie,Mar2019
187,44,0,2,6,1,6,5,4,1,1,2,5,5,2,2,0,2,0,dolnoslaskie,Mar2019
188,398,0,4,29,33,38,36,41,24,32,42,40,26,15,8,13,17,0,polska,Mar2020
189,22,0,0,0,3,3,3,3,1,1,2,3,0,0,1,0,2,0,kuj-pom,Mar2020
190,10,0,0,2,0,0,2,1,0,0,0,1,1,1,1,1,0,0,podlaskie,Mar2020
191,16,0,0,2,1,4,0,1,3,1,1,2,0,0,0,0,1,0,pomorskie,Mar2020
192,15,0,0,0,1,1,2,2,1,1,2,3,1,1,0,0,0,0,lubuskie,Mar2020
193,43,0,0,4,3,5,1,7,2,2,8,2,2,3,0,2,2,0,slaskie,Mar2020
194,15,0,0,1,0,2,3,0,0,1,4,0,2,0,0,0,2,0,swietokrzyskie,Mar2020
195,34,0,1,5,3,3,3,2,1,3,2,2,5,1,1,0,2,0,malopolskie,Mar2020
196,33,0,0,2,2,1,2,4,3,3,1,5,1,1,2,2,4,0,lodzkie,Mar2020
197,23,0,0,2,1,1,2,1,0,4,4,5,2,0,1,0,0,0,lubelskie,Mar2020
198,16,0,1,0,1,3,1,0,0,4,1,2,1,0,0,2,0,0,warm-maz,Mar2020
199,6,0,0,0,0,3,1,1,0,1,0,0,0,0,0,0,0,0,opolskie,Mar2020
200,37,0,0,2,4,1,2,8,2,2,5,1,3,2,2,1,2,0,wielkopolskie,Mar2020
201,15,0,0,1,1,0,1,2,1,1,2,2,3,0,0,0,1,0,podkarpackie,Mar2020
202,22,0,2,4,1,1,1,2,3,3,1,1,0,2,0,1,0,0,zachpom,Mar2020
203,66,0,0,3,8,6,8,5,7,3,7,5,4,3,0,3,1,0,mazowieckie,Mar2020
204,25,0,0,1,4,4,4,2,0,2,2,3,1,1,0,1,0,0,dolnoslaskie,Mar2020
205,428,0,10,32,35,41,38,51,24,28,52,31,32,20,13,17,4,0,polska,Apr2017
206,21,0,1,4,3,3,0,2,2,1,1,1,0,1,0,2,0,0,kuj-pom,Apr2017
207,7,0,0,0,0,1,2,1,0,0,2,1,0,0,0,0,0,0,podlaskie,Apr2017
208,25,0,1,2,3,3,1,5,0,0,3,2,2,0,2,1,0,0,pomorskie,Apr2017
209,15,0,3,1,1,0,1,1,1,1,2,2,1,0,0,1,0,0,lubuskie,Apr2017
210,41,0,0,3,4,6,1,6,2,1,3,2,5,3,1,4,0,0,slaskie,Apr2017
211,15,0,0,1,2,1,0,0,1,1,5,0,2,1,1,0,0,0,swietokrzyskie,Apr2017
212,32,0,0,2,2,4,3,5,2,2,5,2,2,2,1,0,0,0,malopolskie,Apr2017
213,39,0,0,4,3,3,5,7,1,1,3,3,2,2,3,1,1,0,lodzkie,Apr2017
214,23,0,0,2,1,1,3,0,2,2,8,0,3,1,0,0,0,0,lubelskie,Apr2017
215,19,0,2,0,1,2,2,1,1,2,2,2,3,0,0,1,0,0,warm-maz,Apr2017
216,2,0,0,0,1,0,0,0,0,0,0,0,0,0,0,1,0,0,opolskie,Apr2017
217,36,0,0,4,1,5,8,6,1,1,3,1,2,1,1,1,1,0,wielkopolskie,Apr2017
218,31,0,0,4,3,2,0,2,2,6,5,2,0,1,3,1,0,0,podkarpackie,Apr2017
219,31,0,0,0,0,1,7,3,1,3,1,9,2,3,0,1,0,0,zachpom,Apr2017
220,62,0,2,3,7,7,3,8,5,5,4,3,6,3,1,3,2,0,mazowieckie,Apr2017
221,29,0,1,2,3,2,2,4,3,2,5,1,2,2,0,0,0,0,dolnoslaskie,Apr2017
222,509,0,8,25,28,42,33,54,49,44,51,59,39,33,17,13,14,0,polska,Apr2018
223,23,0,0,2,1,2,0,2,2,1,2,4,1,3,2,0,1,0,kuj-pom,Apr2018
224,17,0,0,1,1,1,0,4,1,3,2,0,2,0,1,1,0,0,podlaskie,Apr2018
225,23,0,0,1,2,3,1,5,0,3,0,1,5,0,1,1,0,0,pomorskie,Apr2018
226,15,0,0,0,0,1,2,0,1,4,1,1,2,2,0,0,1,0,lubuskie,Apr2018
227,63,0,1,3,7,4,5,8,12,2,2,8,5,0,4,1,1,0,slaskie,Apr2018
228,18,0,0,1,1,2,2,0,1,1,5,2,1,1,0,1,0,0,swietokrzyskie,Apr2018
229,42,0,0,3,1,3,4,1,9,4,6,4,1,2,2,1,1,0,malopolskie,Apr2018
230,43,0,1,2,4,2,3,7,2,3,6,1,3,3,2,2,2,0,lodzkie,Apr2018
231,35,0,1,2,2,4,0,3,2,4,5,4,2,5,1,0,0,0,lubelskie,Apr2018
232,26,0,0,0,2,3,1,0,5,5,2,2,2,2,1,0,1,0,warm-maz,Apr2018
233,8,0,0,0,0,1,1,0,1,1,1,2,0,1,0,0,0,0,opolskie,Apr2018
234,42,0,1,2,1,3,5,5,4,3,3,5,4,1,1,1,3,0,wielkopolskie,Apr2018
235,26,0,0,2,0,4,1,4,1,4,2,2,3,2,0,0,1,0,podkarpackie,Apr2018
236,23,0,0,1,1,3,2,2,1,1,2,5,2,2,0,0,1,0,zachpom,Apr2018
237,75,0,4,5,4,3,6,9,4,4,7,12,5,5,1,4,2,0,mazowieckie,Apr2018
238,30,0,0,0,1,3,0,4,3,1,5,6,1,4,1,1,0,0,dolnoslaskie,Apr2018
239,449,0,5,32,29,41,42,42,38,39,44,46,35,25,13,8,10,0,polska,Apr2019
240,20,0,0,1,0,4,1,3,1,1,1,3,1,3,0,0,1,0,kuj-pom,Apr2019
241,16,0,0,0,1,2,4,1,3,0,2,1,1,0,1,0,0,0,podlaskie,Apr2019
242,20,0,0,0,3,0,4,2,1,1,1,1,6,0,0,0,1,0,pomorskie,Apr2019
243,10,0,0,0,0,1,1,0,2,1,0,1,2,1,0,1,0,0,lubuskie,Apr2019
244,35,0,1,4,4,5,2,4,4,3,2,1,1,1,2,0,1,0,slaskie,Apr2019
245,22,0,0,3,1,1,0,3,1,1,3,3,3,3,0,0,0,0,swietokrzyskie,Apr2019
246,36,0,1,4,4,3,2,3,3,3,2,4,1,2,1,1,2,0,malopolskie,Apr2019
247,32,0,2,0,3,3,4,3,4,3,5,0,3,1,1,0,0,0,lodzkie,Apr2019
248,27,0,1,2,2,3,1,3,5,4,1,0,1,2,0,2,0,0,lubelskie,Apr2019
249,21,0,0,2,0,1,1,1,1,4,2,5,4,0,0,0,0,0,warm-maz,Apr2019
250,10,0,0,1,1,0,1,0,0,0,2,3,0,1,1,0,0,0,opolskie,Apr2019
251,46,0,0,4,3,6,5,1,5,3,7,6,2,2,1,0,1,0,wielkopolskie,Apr2019
252,16,0,0,0,1,1,2,2,3,3,1,1,1,1,0,0,0,0,podkarpackie,Apr2019
253,26,0,0,0,1,3,4,1,2,1,4,3,3,3,0,1,0,0,zachpom,Apr2019
254,74,0,0,4,3,5,8,11,2,8,8,11,3,3,3,1,4,0,mazowieckie,Apr2019
255,38,0,0,7,2,3,2,4,1,3,3,3,3,2,3,2,0,0,dolnoslaskie,Apr2019
256,377,0,4,25,31,36,38,37,29,29,30,46,24,20,10,9,8,1,polska,Apr2020
257,13,0,0,0,2,1,1,0,1,1,0,4,0,1,1,0,1,0,kuj-pom,Apr2020
258,10,0,0,0,0,1,2,2,0,0,1,1,0,0,2,0,1,0,podlaskie,Apr2020
259,15,0,0,1,0,2,3,3,1,0,2,1,2,0,0,0,0,0,pomorskie,Apr2020
260,19,0,0,0,1,3,0,4,3,2,1,4,0,1,0,0,0,0,lubuskie,Apr2020
261,43,0,1,3,5,6,5,1,4,2,4,5,2,2,0,2,1,0,slaskie,Apr2020
262,19,0,0,0,1,2,1,3,0,2,4,1,3,1,1,0,0,0,swietokrzyskie,Apr2020
263,34,0,1,2,2,2,3,3,2,4,1,7,4,2,1,0,0,0,malopolskie,Apr2020
264,26,0,0,1,3,3,4,2,1,1,3,4,0,3,0,1,0,0,lodzkie,Apr2020
265,27,0,0,1,3,3,3,2,1,4,3,1,3,1,1,1,0,0,lubelskie,Apr2020
266,13,0,0,3,1,0,2,1,2,1,0,0,0,2,0,0,1,0,warm-maz,Apr2020
267,11,0,0,2,1,2,1,0,1,0,0,2,1,0,0,1,0,0,opolskie,Apr2020
268,31,0,2,1,3,3,4,4,3,1,2,3,3,1,0,0,1,0,wielkopolskie,Apr2020
269,16,0,0,2,0,0,1,1,2,2,1,4,0,1,0,2,0,0,podkarpackie,Apr2020
270,18,0,0,1,2,0,1,2,2,5,1,0,1,1,1,0,1,0,zachpom,Apr2020
271,49,0,0,4,3,4,6,1,5,4,5,5,4,3,2,1,1,1,mazowieckie,Apr2020
272,33,0,0,4,4,4,1,8,1,0,2,4,1,1,1,1,1,0,dolnoslaskie,Apr2020
273,534,0,13,42,38,43,44,47,34,61,65,55,45,17,14,8,8,0,polska,May2017
274,22,0,0,3,0,2,2,0,3,1,2,5,0,0,3,1,0,0,kuj-pom,May2017
275,25,0,1,2,2,4,2,1,5,1,2,1,3,0,0,0,1,0,podlaskie,May2017
276,30,0,2,3,1,2,3,4,0,6,4,3,0,1,0,1,0,0,pomorskie,May2017
277,22,0,0,1,0,3,1,3,0,3,3,3,2,0,0,1,2,0,lubuskie,May2017
278,62,0,0,7,7,4,9,8,3,2,8,6,3,3,2,0,0,0,slaskie,May2017
279,28,0,0,2,2,0,3,4,2,5,3,3,3,1,0,0,0,0,swietokrzyskie,May2017
280,40,0,0,3,2,2,1,5,3,4,5,4,6,2,1,2,0,0,malopolskie,May2017
281,37,0,3,2,6,4,1,1,0,7,6,3,2,1,1,0,0,0,lodzkie,May2017
282,32,0,0,3,4,0,3,3,1,3,4,4,2,1,4,0,0,0,lubelskie,May2017
283,19,0,1,2,0,1,1,0,1,4,3,3,0,2,0,1,0,0,warm-maz,May2017
284,11,0,0,0,0,2,3,1,0,3,0,0,2,0,0,0,0,0,opolskie,May2017
285,38,0,1,2,4,2,1,3,5,6,4,2,5,1,1,0,1,0,wielkopolskie,May2017
286,25,0,0,3,1,2,3,4,0,1,2,4,2,2,0,0,1,0,podkarpackie,May2017
287,16,0,1,1,2,1,2,1,1,1,1,3,2,0,0,0,0,0,zachpom,May2017
288,79,0,3,5,4,10,6,5,6,5,11,9,6,3,2,2,2,0,mazowieckie,May2017
289,48,0,1,3,3,4,3,4,4,9,7,2,7,0,0,0,1,0,dolnoslaskie,May2017
290,488,1,9,38,25,36,41,41,37,45,46,65,40,29,17,9,8,1,polska,May2018
291,33,0,0,6,2,3,2,2,4,3,3,4,2,2,0,0,0,0,kuj-pom,May2018
292,10,0,0,1,0,0,0,0,1,0,2,2,1,0,2,1,0,0,podlaskie,May2018
293,24,0,1,3,2,4,2,2,1,1,2,2,2,1,1,0,0,0,pomorskie,May2018
294,11,0,1,0,0,1,1,1,2,1,1,2,1,0,0,0,0,0,lubuskie,May2018
295,58,0,0,1,2,6,5,2,8,4,6,8,5,4,5,1,1,0,slaskie,May2018
296,20,0,0,1,0,0,2,2,2,2,3,4,1,1,1,1,0,0,swietokrzyskie,May2018
297,45,0,2,4,3,5,1,7,6,6,1,5,3,1,0,1,0,0,malopolskie,May2018
298,51,0,0,2,3,5,7,2,7,5,2,11,4,2,0,0,1,0,lodzkie,May2018
299,24,0,0,3,3,1,1,1,0,1,3,1,5,2,1,2,0,0,lubelskie,May2018
300,19,0,0,5,2,1,1,1,0,1,2,1,3,1,0,0,1,0,warm-maz,May2018
301,9,1,1,0,0,1,0,2,1,0,0,0,0,2,0,1,0,0,opolskie,May2018
302,29,0,0,2,2,0,3,1,1,5,6,4,2,1,0,1,1,0,wielkopolskie,May2018
303,21,0,1,0,0,2,1,3,1,4,4,2,1,1,1,0,0,0,podkarpackie,May2018
304,21,0,1,2,1,1,3,3,1,3,1,3,2,0,0,0,0,0,zachpom,May2018
305,71,0,2,6,2,2,4,8,2,7,6,10,7,6,4,1,4,0,mazowieckie,May2018
306,42,0,0,2,3,4,8,4,0,2,4,6,1,5,2,0,0,1,dolnoslaskie,May2018
307,480,1,5,23,40,50,44,38,51,36,39,49,53,20,6,10,15,0,polska,May2019
308,20,0,0,0,1,4,3,2,2,1,2,2,1,1,0,1,0,0,kuj-pom,May2019
309,17,0,0,3,0,1,2,2,1,3,2,1,0,0,0,1,1,0,podlaskie,May2019
310,35,0,0,1,3,2,5,3,2,4,3,3,6,1,0,0,2,0,pomorskie,May2019
311,10,0,0,0,1,3,1,1,1,0,1,1,1,0,0,0,0,0,lubuskie,May2019
312,58,0,0,7,4,5,8,4,7,5,3,3,8,1,2,1,0,0,slaskie,May2019
313,16,0,0,2,2,3,2,0,1,3,1,0,1,0,0,1,0,0,swietokrzyskie,May2019
314,33,1,1,5,2,4,1,3,3,1,5,5,1,0,0,1,0,0,malopolskie,May2019
315,37,0,1,0,3,2,4,1,6,4,0,5,5,1,2,1,2,0,lodzkie,May2019
316,36,0,0,1,2,4,2,4,5,2,3,6,2,2,1,0,2,0,lubelskie,May2019
317,25,0,1,1,2,3,1,2,0,1,3,3,2,3,0,2,1,0,warm-maz,May2019
318,11,0,0,0,1,2,0,1,3,0,0,2,1,1,0,0,0,0,opolskie,May2019
319,30,0,0,0,2,1,2,2,2,6,3,4,3,3,0,1,1,0,wielkopolskie,May2019
320,23,0,0,0,2,1,1,3,2,0,4,3,3,2,1,0,1,0,podkarpackie,May2019
321,23,0,1,0,3,2,2,2,3,0,1,4,1,1,0,1,2,0,zachpom,May2019
322,67,0,0,2,9,9,2,6,8,5,7,1,13,3,0,0,2,0,mazowieckie,May2019
323,39,0,1,1,3,4,8,2,5,1,1,6,5,1,0,0,1,0,dolnoslaskie,May2019
324,479,0,4,31,40,42,46,51,41,41,39,42,30,25,16,13,18,0,polska,May2020
325,21,0,0,4,3,1,3,1,2,2,1,1,0,1,1,0,1,0,kuj-pom,May2020
326,15,0,0,1,2,0,1,2,0,2,2,2,0,1,2,0,0,0,podlaskie,May2020
327,34,0,1,2,1,5,5,6,1,1,3,3,1,3,2,0,0,0,pomorskie,May2020
328,9,0,0,0,0,0,3,3,0,1,0,1,0,0,0,1,0,0,lubuskie,May2020
329,54,0,1,3,5,3,3,6,8,3,7,5,3,4,1,1,1,0,slaskie,May2020
330,17,0,0,0,1,1,1,2,1,0,4,2,0,0,2,1,2,0,swietokrzyskie,May2020
331,37,0,0,4,4,4,5,1,5,2,2,1,4,2,0,2,1,0,malopolskie,May2020
332,35,0,0,2,4,2,2,4,3,4,2,4,3,2,2,1,0,0,lodzkie,May2020
333,26,0,1,3,3,2,2,1,1,3,2,2,2,1,1,1,1,0,lubelskie,May2020
334,18,0,0,1,2,2,1,1,4,3,0,2,1,1,0,0,0,0,warm-maz,May2020
335,8,0,0,1,0,0,0,1,0,2,0,3,1,0,0,0,0,0,opolskie,May2020
336,45,0,0,2,4,5,6,7,6,1,4,3,4,2,0,0,1,0,wielkopolskie,May2020
337,21,0,0,0,1,4,2,2,1,6,0,4,0,1,0,0,0,0,podkarpackie,May2020
338,27,0,0,3,1,5,3,3,1,0,4,3,1,1,0,1,1,0,zachpom,May2020
339,68,0,0,3,5,3,3,9,5,9,4,4,7,2,4,2,8,0,mazowieckie,May2020
340,44,0,1,2,4,5,6,2,3,2,4,2,3,4,1,3,2,0,dolnoslaskie,May2020
341,445,0,7,37,31,45,41,30,37,39,51,53,26,17,15,7,8,1,polska,Jun2017
342,18,0,0,1,1,0,3,1,2,1,5,1,1,1,0,0,1,0,kuj-pom,Jun2017
343,10,0,0,3,3,0,0,0,0,2,0,1,1,0,0,0,0,0,podlaskie,Jun2017
344,23,0,0,3,0,1,2,1,2,3,4,4,1,0,1,0,0,1,pomorskie,Jun2017
345,17,0,0,1,2,3,3,2,0,0,0,1,1,2,2,0,0,0,lubuskie,Jun2017
346,56,0,1,1,4,9,3,3,9,6,8,5,2,0,0,2,3,0,slaskie,Jun2017
347,23,0,0,1,0,3,1,2,3,1,4,5,0,1,2,0,0,0,swietokrzyskie,Jun2017
348,39,0,3,3,3,3,2,3,4,2,6,4,2,2,1,0,1,0,malopolskie,Jun2017
349,31,0,1,4,3,3,3,1,2,6,1,1,3,2,0,1,0,0,lodzkie,Jun2017
350,23,0,1,3,2,5,2,1,3,2,2,1,1,0,0,0,0,0,lubelskie,Jun2017
351,19,0,0,2,2,1,0,2,0,2,4,3,2,1,0,0,0,0,warm-maz,Jun2017
352,13,0,0,0,1,0,2,3,0,0,2,3,1,0,0,1,0,0,opolskie,Jun2017
353,29,0,0,3,2,4,1,1,0,2,4,5,2,2,2,1,0,0,wielkopolskie,Jun2017
354,20,0,0,1,2,1,4,1,2,3,0,1,2,1,1,1,0,0,podkarpackie,Jun2017
355,22,0,0,2,2,1,6,1,2,3,1,1,1,0,1,0,1,0,zachpom,Jun2017
356,57,0,1,5,1,7,5,5,5,3,4,10,3,3,2,1,2,0,mazowieckie,Jun2017
357,45,0,0,4,3,4,4,3,3,3,6,7,3,2,3,0,0,0,dolnoslaskie,Jun2017
358,482,1,10,28,37,45,34,50,38,44,56,56,37,19,7,7,12,1,polska,Jun2018
359,33,0,2,3,4,5,3,2,3,0,0,4,4,2,0,0,0,1,kuj-pom,Jun2018
360,11,0,0,0,0,0,1,1,2,1,4,1,1,0,0,0,0,0,podlaskie,Jun2018
361,21,0,0,1,5,2,2,2,0,2,2,2,2,0,1,0,0,0,pomorskie,Jun2018
362,19,0,0,0,4,2,2,2,2,2,2,2,1,0,0,0,0,0,lubuskie,Jun2018
363,52,0,1,7,2,5,3,10,5,5,5,4,3,0,0,1,1,0,slaskie,Jun2018
364,12,0,0,1,2,0,0,2,1,1,3,1,0,0,1,0,0,0,swietokrzyskie,Jun2018
365,34,0,0,0,1,4,3,3,2,4,7,4,0,4,0,1,1,0,malopolskie,Jun2018
366,29,0,1,1,1,0,2,1,3,4,3,3,5,1,0,1,3,0,lodzkie,Jun2018
367,36,0,1,2,2,2,3,6,1,3,5,2,4,3,0,2,0,0,lubelskie,Jun2018
368,18,0,1,1,0,2,3,1,0,0,3,3,1,1,1,0,1,0,warm-maz,Jun2018
369,21,1,0,1,2,0,3,3,2,0,2,4,0,1,0,0,2,0,opolskie,Jun2018
370,36,0,0,1,3,9,2,3,6,3,4,2,2,0,0,1,0,0,wielkopolskie,Jun2018
371,24,0,0,2,2,0,1,3,2,2,3,5,0,3,1,0,0,0,podkarpackie,Jun2018
372,30,0,3,0,0,4,1,4,1,4,2,5,4,1,1,0,0,0,zachpom,Jun2018
373,66,0,0,2,5,8,2,6,4,7,9,9,8,2,1,0,3,0,mazowieckie,Jun2018
374,40,0,1,6,4,2,3,1,4,6,2,5,2,1,1,1,1,0,dolnoslaskie,Jun2018
375,503,0,9,35,39,47,59,47,38,38,44,52,36,25,13,12,9,0,polska,Jun2019
376,22,0,1,1,4,2,2,1,1,2,2,4,1,1,0,0,0,0,kuj-pom,Jun2019
377,14,0,0,0,0,0,1,3,1,1,1,3,2,0,1,0,1,0,podlaskie,Jun2019
378,31,0,1,4,2,2,2,5,1,2,1,7,1,1,0,2,0,0,pomorskie,Jun2019
379,17,0,1,0,2,1,4,1,2,1,2,1,1,0,1,0,0,0,lubuskie,Jun2019
380,58,0,1,5,8,9,5,6,5,5,4,4,0,1,1,2,2,0,slaskie,Jun2019
381,19,0,0,0,2,0,1,1,2,3,0,2,4,2,2,0,0,0,swietokrzyskie,Jun2019
382,57,0,1,2,2,5,11,6,1,4,7,6,6,1,2,2,1,0,malopolskie,Jun2019
383,28,0,0,1,1,2,2,4,5,2,3,1,3,2,0,1,1,0,lodzkie,Jun2019
384,33,0,1,2,1,2,5,4,3,2,3,3,1,3,0,1,2,0,lubelskie,Jun2019
385,19,0,0,2,1,2,3,2,1,2,2,3,0,0,1,0,0,0,warm-maz,Jun2019
386,12,0,0,2,0,2,1,0,3,1,1,1,1,0,0,0,0,0,opolskie,Jun2019
387,42,0,2,2,2,5,4,4,2,4,3,3,5,5,1,0,0,0,wielkopolskie,Jun2019
388,19,0,0,0,3,1,4,0,4,1,2,3,1,0,0,0,0,0,podkarpackie,Jun2019
389,19,0,0,2,1,2,4,0,0,3,3,1,0,3,0,0,0,0,zachpom,Jun2019
390,63,0,1,6,6,9,7,5,4,3,7,6,3,3,1,1,1,0,mazowieckie,Jun2019
391,50,0,0,6,4,3,3,5,3,2,3,4,7,3,3,3,1,0,dolnoslaskie,Jun2019
392,487,0,10,20,36,38,48,45,40,38,35,58,47,27,15,12,17,1,polska,Jun2020
393,21,0,2,1,4,2,1,1,1,0,1,2,0,1,2,0,2,1,kuj-pom,Jun2020
394,18,0,0,0,2,2,3,0,1,2,3,4,0,1,0,0,0,0,podlaskie,Jun2020
395,30,0,1,1,1,7,2,0,0,5,0,5,1,2,2,0,3,0,pomorskie,Jun2020
396,7,0,0,0,1,0,0,1,0,0,0,2,2,0,0,1,0,0,lubuskie,Jun2020
397,54,0,3,2,7,8,7,6,2,4,5,4,2,2,2,0,0,0,slaskie,Jun2020
398,17,0,0,0,1,2,2,1,1,2,1,2,2,1,0,1,1,0,swietokrzyskie,Jun2020
399,53,0,1,5,0,4,3,7,6,4,2,9,8,0,0,3,1,0,malopolskie,Jun2020
400,27,0,0,3,2,1,3,2,2,2,3,3,1,2,2,1,0,0,lodzkie,Jun2020
401,32,0,0,1,2,1,1,4,3,1,3,7,5,4,0,0,0,0,lubelskie,Jun2020
402,35,0,0,1,0,3,7,5,7,1,1,3,6,1,0,0,0,0,warm-maz,Jun2020
403,16,0,0,0,2,1,0,2,0,5,1,2,1,1,0,0,1,0,opolskie,Jun2020
404,32,0,0,0,2,2,5,2,2,2,3,7,2,1,1,2,1,0,wielkopolskie,Jun2020
405,27,0,0,2,2,0,0,3,3,3,1,2,3,1,1,3,3,0,podkarpackie,Jun2020
406,11,0,0,1,1,3,1,2,0,1,0,0,0,1,1,0,0,0,zachpom,Jun2020
407,69,0,1,2,3,2,6,5,10,4,11,3,9,6,2,1,4,0,mazowieckie,Jun2020
408,38,0,2,1,6,0,7,4,2,2,0,3,5,3,2,0,1,0,dolnoslaskie,Jun2020
409,490,0,4,44,38,42,37,44,40,40,53,46,40,28,9,14,11,0,polska,Jul2017
410,22,0,1,1,1,1,2,1,2,3,0,5,1,2,0,1,1,0,kuj-pom,Jul2017
411,16,0,0,2,0,1,4,0,0,0,4,0,1,2,2,0,0,0,podlaskie,Jul2017
412,21,0,0,2,2,3,1,0,2,3,2,1,3,0,0,0,2,0,pomorskie,Jul2017
413,11,0,0,2,1,1,1,0,0,1,0,2,2,0,1,0,0,0,lubuskie,Jul2017
414,66,0,1,5,1,11,5,4,7,6,5,7,8,2,0,2,2,0,slaskie,Jul2017
415,21,0,0,2,3,1,0,0,2,3,4,1,3,0,0,1,1,0,swietokrzyskie,Jul2017
416,44,0,0,4,1,4,2,5,2,3,7,4,3,4,1,2,2,0,malopolskie,Jul2017
417,35,0,0,0,3,4,5,6,4,3,5,2,1,0,2,0,0,0,lodzkie,Jul2017
418,33,0,1,3,4,0,1,5,4,5,3,2,1,2,0,2,0,0,lubelskie,Jul2017
419,15,0,0,2,2,1,2,2,1,1,0,3,0,0,0,1,0,0,warm-maz,Jul2017
420,10,0,0,1,0,1,1,4,0,0,1,0,0,2,0,0,0,0,opolskie,Jul2017
421,28,0,1,2,2,3,1,2,2,1,3,4,3,2,1,0,1,0,wielkopolskie,Jul2017
422,25,0,0,4,3,2,0,2,2,2,4,3,1,2,0,0,0,0,podkarpackie,Jul2017
423,23,0,0,4,2,1,1,1,3,3,3,1,1,1,0,2,0,0,zachpom,Jul2017
424,73,0,0,4,8,5,5,6,7,5,6,8,7,7,2,1,2,0,mazowieckie,Jul2017
425,47,0,0,6,5,3,6,6,2,1,6,3,5,2,0,2,0,0,dolnoslaskie,Jul2017
426,453,0,3,14,34,39,49,45,41,36,56,44,39,24,12,12,4,1,polska,Jul2018
427,17,0,0,1,2,0,3,0,3,1,1,4,0,0,1,0,1,0,kuj-pom,Jul2018
428,10,0,0,1,0,0,0,2,0,1,0,2,1,0,3,0,0,0,podlaskie,Jul2018
429,22,0,0,1,2,2,1,5,3,1,2,1,2,1,0,1,0,0,pomorskie,Jul2018
430,8,0,0,1,0,0,2,1,1,1,1,0,0,1,0,0,0,0,lubuskie,Jul2018
431,44,0,0,1,6,7,7,4,5,2,5,3,1,0,1,2,0,0,slaskie,Jul2018
432,19,0,0,1,2,2,3,3,2,0,2,2,1,0,0,1,0,0,swietokrzyskie,Jul2018
433,40,0,0,1,1,5,3,6,3,5,4,2,4,3,1,1,0,1,malopolskie,Jul2018
434,36,0,1,3,3,0,7,1,4,4,4,1,4,2,1,0,1,0,lodzkie,Jul2018
435,33,0,0,2,2,4,1,3,3,2,3,4,5,1,1,2,0,0,lubelskie,Jul2018
436,15,0,1,0,0,2,1,1,1,2,2,0,4,0,1,0,0,0,warm-maz,Jul2018
437,8,0,0,0,0,0,3,1,1,1,0,0,0,1,1,0,0,0,opolskie,Jul2018
438,35,0,0,1,2,2,6,4,2,2,4,7,1,2,0,1,1,0,wielkopolskie,Jul2018
439,30,0,0,0,3,1,1,5,3,2,6,4,1,4,0,0,0,0,podkarpackie,Jul2018
440,21,0,0,0,2,2,3,1,3,3,3,1,2,1,0,0,0,0,zachpom,Jul2018
441,72,0,0,1,4,7,5,4,5,6,12,10,9,5,1,2,1,0,mazowieckie,Jul2018
442,43,0,1,0,5,5,3,4,2,3,7,3,4,3,1,2,0,0,dolnoslaskie,Jul2018
443,447,0,8,25,25,41,48,35,39,33,45,40,33,27,17,14,15,2,polska,Jul2019
444,31,0,2,2,0,2,6,3,2,2,5,4,0,0,1,1,0,1,kuj-pom,Jul2019
445,19,0,0,1,1,0,1,2,3,4,2,0,1,1,2,1,0,0,podlaskie,Jul2019
446,28,0,0,1,0,2,4,4,0,2,4,4,2,1,2,1,1,0,pomorskie,Jul2019
447,17,0,0,0,2,1,3,1,1,0,2,1,2,2,0,0,2,0,lubuskie,Jul2019
448,44,0,0,3,2,4,2,6,7,1,4,4,4,2,4,1,0,0,slaskie,Jul2019
449,10,0,0,0,0,3,1,0,2,0,1,1,1,1,0,0,0,0,swietokrzyskie,Jul2019
450,28,0,0,3,2,5,2,1,2,4,1,1,2,2,1,0,2,0,malopolskie,Jul2019
451,32,0,0,4,2,2,5,0,3,2,2,5,1,2,0,2,2,0,lodzkie,Jul2019
452,28,0,0,0,3,3,3,1,2,0,5,3,3,1,1,2,1,0,lubelskie,Jul2019
453,23,0,1,0,1,4,2,1,1,1,1,5,1,2,0,1,2,0,warm-maz,Jul2019
454,12,0,0,2,0,2,0,1,0,2,2,0,1,1,1,0,0,0,opolskie,Jul2019
455,32,0,1,2,0,4,1,0,6,5,3,3,1,3,1,1,1,0,wielkopolskie,Jul2019
456,20,0,1,2,0,3,1,0,0,3,3,2,4,0,0,1,0,0,podkarpackie,Jul2019
457,29,0,1,1,1,2,3,5,2,1,1,3,5,0,2,2,0,0,zachpom,Jul2019
458,60,0,1,3,7,2,11,7,5,3,8,2,2,5,0,0,3,1,mazowieckie,Jul2019
459,34,0,1,1,4,2,3,3,3,3,1,2,3,4,2,1,1,0,dolnoslaskie,Jul2019
460,498,0,3,29,39,51,32,45,50,33,33,66,43,37,12,13,12,0,polska,Jul2020
461,23,0,0,1,1,5,1,2,4,1,0,4,1,3,0,0,0,0,kuj-pom,Jul2020
462,15,0,0,2,0,3,2,1,0,1,1,1,1,0,0,1,2,0,podlaskie,Jul2020
463,42,0,0,4,6,4,3,4,5,2,5,3,2,2,1,1,0,0,pomorskie,Jul2020
464,11,0,0,1,0,0,0,2,0,0,1,3,1,2,0,0,1,0,lubuskie,Jul2020
465,49,0,1,3,6,3,2,7,4,4,2,6,1,5,3,0,2,0,slaskie,Jul2020
466,20,0,0,1,2,0,1,1,1,2,2,5,1,2,0,2,0,0,swietokrzyskie,Jul2020
467,49,0,0,4,3,6,3,1,5,3,4,9,4,3,0,3,1,0,malopolskie,Jul2020
468,27,0,0,2,0,3,1,3,1,2,0,5,4,4,1,0,1,0,lodzkie,Jul2020
469,31,0,0,3,3,3,5,3,2,3,4,0,3,0,1,1,0,0,lubelskie,Jul2020
470,18,0,0,1,1,0,2,2,3,0,1,3,3,0,0,2,0,0,warm-maz,Jul2020
471,6,0,0,0,0,2,1,1,0,0,1,0,0,0,0,1,0,0,opolskie,Jul2020
472,46,0,0,2,5,4,1,5,5,5,3,5,5,3,1,0,2,0,wielkopolskie,Jul2020
473,24,0,0,3,2,3,1,1,3,2,2,3,2,1,1,0,0,0,podkarpackie,Jul2020
474,22,0,1,0,2,1,3,2,0,3,2,4,1,2,1,0,0,0,zachpom,Jul2020
475,78,0,1,0,6,10,3,6,13,3,3,11,8,8,3,2,1,0,mazowieckie,Jul2020
476,37,0,0,2,2,4,3,4,4,2,2,4,6,2,0,0,2,0,dolnoslaskie,Jul2020
477,470,0,4,30,39,42,41,39,33,45,61,47,35,18,13,10,11,2,polska,Aug2017
478,24,0,0,3,0,1,5,0,1,1,3,2,4,2,0,0,1,1,kuj-pom,Aug2017
479,14,0,0,0,0,1,1,0,0,3,3,2,1,1,2,0,0,0,podlaskie,Aug2017
480,37,0,0,6,1,4,5,3,1,3,2,7,1,0,0,1,2,1,pomorskie,Aug2017
481,11,0,0,0,0,1,0,0,2,1,2,3,1,1,0,0,0,0,lubuskie,Aug2017
482,53,0,0,0,5,9,5,5,2,7,7,2,3,2,3,3,0,0,slaskie,Aug2017
483,15,0,0,2,3,0,2,2,0,1,2,1,1,1,0,0,0,0,swietokrzyskie,Aug2017
484,25,0,0,2,4,1,3,2,2,2,4,1,3,0,0,0,1,0,malopolskie,Aug2017
485,36,0,1,0,5,3,3,4,3,2,5,5,1,2,1,0,1,0,lodzkie,Aug2017
486,36,0,0,2,1,6,3,5,2,1,4,4,5,0,1,1,1,0,lubelskie,Aug2017
487,22,0,1,2,2,2,2,0,2,3,3,2,1,0,1,0,1,0,warm-maz,Aug2017
488,12,0,0,0,1,1,0,1,2,1,5,1,0,0,0,0,0,0,opolskie,Aug2017
489,32,0,1,1,2,2,3,4,5,4,2,3,3,1,0,1,0,0,wielkopolskie,Aug2017
490,23,0,0,2,2,2,1,0,1,3,5,1,1,2,1,0,2,0,podkarpackie,Aug2017
491,23,0,0,2,2,1,0,1,2,3,2,4,2,2,1,0,1,0,zachpom,Aug2017
492,59,0,1,3,7,3,2,7,4,7,8,5,3,3,2,4,0,0,mazowieckie,Aug2017
493,48,0,0,5,4,5,6,5,4,3,4,4,5,1,1,0,1,0,dolnoslaskie,Aug2017
494,489,0,6,30,37,42,46,41,50,30,59,55,35,24,14,11,9,0,polska,Aug2018
495,26,0,0,2,1,2,6,3,2,3,2,2,1,1,0,1,0,0,kuj-pom,Aug2018
496,12,0,0,0,1,3,1,0,0,3,3,1,0,0,0,0,0,0,podlaskie,Aug2018
497,25,0,1,3,3,1,2,0,1,1,3,5,1,2,1,1,0,0,pomorskie,Aug2018
498,21,0,0,0,0,3,5,2,4,0,5,1,1,0,0,0,0,0,lubuskie,Aug2018
499,56,0,1,4,4,3,5,6,7,2,8,3,7,3,0,1,2,0,slaskie,Aug2018
500,13,0,0,0,1,1,1,0,2,0,3,5,0,0,0,0,0,0,swietokrzyskie,Aug2018
501,40,0,0,3,2,3,1,2,7,1,2,10,4,2,1,2,0,0,malopolskie,Aug2018
502,31,0,0,2,2,5,0,2,1,3,2,4,3,5,0,1,1,0,lodzkie,Aug2018
503,35,0,0,1,2,1,5,3,6,4,3,4,0,2,2,1,1,0,lubelskie,Aug2018
504,16,0,0,2,1,0,2,2,3,2,2,1,1,0,0,0,0,0,warm-maz,Aug2018
505,9,0,1,1,0,0,1,0,0,2,2,1,0,0,1,0,0,0,opolskie,Aug2018
506,37,0,2,1,4,4,1,3,4,2,8,1,3,1,1,2,0,0,wielkopolskie,Aug2018
507,21,0,0,2,5,1,2,0,2,1,3,0,0,2,2,0,1,0,podkarpackie,Aug2018
508,21,0,0,1,1,1,3,1,1,3,1,4,2,1,1,0,1,0,zachpom,Aug2018
509,75,0,0,6,7,7,8,11,5,1,5,8,6,3,4,2,2,0,mazowieckie,Aug2018
510,51,0,1,2,3,7,3,6,5,2,7,5,6,2,1,0,1,0,dolnoslaskie,Aug2018
511,479,1,10,29,36,41,47,38,45,35,42,47,36,31,13,10,17,1,polska,Aug2019
512,23,0,0,3,1,2,6,4,0,2,2,1,0,0,0,1,1,0,kuj-pom,Aug2019
513,13,0,1,0,0,1,2,0,2,1,2,4,0,0,0,0,0,0,podlaskie,Aug2019
514,25,0,0,2,2,1,3,3,1,1,3,4,1,3,0,1,0,0,pomorskie,Aug2019
515,12,0,1,1,0,2,1,1,2,0,0,1,1,1,1,0,0,0,lubuskie,Aug2019
516,53,0,1,6,4,6,6,3,6,7,0,4,3,3,2,0,2,0,slaskie,Aug2019
517,20,0,0,0,1,1,1,3,0,0,5,2,4,0,2,1,0,0,swietokrzyskie,Aug2019
518,30,0,0,0,3,2,3,1,5,4,3,3,1,2,2,0,1,0,malopolskie,Aug2019
519,39,0,0,2,2,2,2,3,4,3,3,5,5,2,0,4,2,0,lodzkie,Aug2019
520,23,0,0,0,4,3,2,1,2,3,1,3,1,1,2,0,0,0,lubelskie,Aug2019
521,28,1,1,4,2,1,2,3,1,4,1,3,2,0,0,1,2,0,warm-maz,Aug2019
522,12,0,0,0,0,3,3,0,1,0,0,3,1,1,0,0,0,0,opolskie,Aug2019
523,35,0,1,1,1,2,3,3,4,1,6,1,6,2,1,1,2,0,wielkopolskie,Aug2019
524,26,0,2,1,4,0,3,4,1,1,2,2,2,3,0,1,0,0,podkarpackie,Aug2019
525,25,0,0,1,2,5,0,1,2,0,3,2,3,3,1,0,2,0,zachpom,Aug2019
526,76,0,1,5,6,4,8,6,9,8,9,6,4,6,0,0,3,1,mazowieckie,Aug2019
527,39,0,2,3,4,6,2,2,5,0,2,3,2,4,2,0,2,0,dolnoslaskie,Aug2019
528,475,0,7,34,40,31,52,42,42,41,42,47,31,27,16,11,11,1,polska,Aug2020
529,31,0,1,3,3,1,4,1,5,3,2,2,2,1,1,2,0,0,kuj-pom,Aug2020
530,22,0,2,2,4,1,3,3,2,2,2,1,0,0,0,0,0,0,podlaskie,Aug2020
531,29,0,1,0,4,1,5,3,2,5,0,4,1,1,2,0,0,0,pomorskie,Aug2020
532,8,0,0,1,0,1,1,1,0,0,1,2,1,0,0,0,0,0,lubuskie,Aug2020
533,51,0,0,4,5,2,2,5,2,6,5,7,4,2,3,1,3,0,slaskie,Aug2020
534,19,0,0,1,0,1,7,1,0,1,2,1,2,3,0,0,0,0,swietokrzyskie,Aug2020
535,47,0,1,3,3,1,4,6,4,6,3,5,4,4,1,2,0,0,malopolskie,Aug2020
536,31,0,0,5,1,4,6,1,4,1,3,3,1,0,0,1,1,0,lodzkie,Aug2020
537,28,0,1,3,1,2,0,1,2,1,5,5,2,1,2,2,0,0,lubelskie,Aug2020
538,29,0,0,1,3,2,4,4,5,2,4,0,2,1,0,0,1,0,warm-maz,Aug2020
539,7,0,0,1,1,1,0,1,0,0,1,1,0,0,0,0,1,0,opolskie,Aug2020
540,31,0,0,0,2,1,6,7,3,0,4,2,1,2,2,0,1,0,wielkopolskie,Aug2020
541,22,0,0,1,2,1,0,2,5,3,1,2,1,2,1,1,0,0,podkarpackie,Aug2020
542,20,0,1,3,0,1,1,1,2,2,0,2,2,4,1,0,0,0,zachpom,Aug2020
543,56,0,0,4,3,7,5,4,1,8,4,7,6,3,0,0,3,1,mazowieckie,Aug2020
544,44,0,0,2,8,4,4,1,5,1,5,3,2,3,3,2,1,0,dolnoslaskie,Aug2020
545,415,0,11,18,35,35,35,41,30,44,53,39,39,12,7,12,2,2,polska,Sep2017
546,23,0,0,1,2,1,2,2,3,5,1,3,2,0,1,0,0,0,kuj-pom,Sep2017
547,9,0,0,0,0,2,1,2,0,0,0,2,1,0,1,0,0,0,podlaskie,Sep2017
548,28,0,0,3,2,3,0,4,1,2,3,4,4,0,1,0,1,0,pomorskie,Sep2017
549,12,0,0,1,2,0,1,0,1,2,0,1,2,1,0,1,0,0,lubuskie,Sep2017
550,43,0,0,1,5,4,4,4,3,7,6,3,2,1,0,3,0,0,slaskie,Sep2017
551,13,0,0,0,2,1,1,1,0,2,1,2,1,1,1,0,0,0,swietokrzyskie,Sep2017
552,37,0,3,2,5,1,2,4,3,4,4,1,3,2,2,1,0,0,malopolskie,Sep2017
553,22,0,1,1,1,1,2,0,3,3,4,2,2,1,0,0,1,0,lodzkie,Sep2017
554,26,0,2,2,1,3,2,4,3,0,4,2,2,0,0,1,0,0,lubelskie,Sep2017
555,14,0,0,0,1,0,0,2,2,2,1,3,0,1,0,2,0,0,warm-maz,Sep2017
556,16,0,0,0,2,2,3,0,3,1,1,1,3,0,0,0,0,0,opolskie,Sep2017
557,32,0,1,2,1,4,7,1,2,3,2,1,5,1,0,1,0,1,wielkopolskie,Sep2017
558,25,0,1,1,2,3,1,2,1,2,6,3,3,0,0,0,0,0,podkarpackie,Sep2017
559,21,0,1,0,1,2,2,3,1,2,4,2,2,0,0,1,0,0,zachpom,Sep2017
560,64,0,1,3,3,4,6,9,3,7,11,6,5,2,1,2,0,1,mazowieckie,Sep2017
561,30,0,1,1,5,4,1,3,1,2,5,3,2,2,0,0,0,0,dolnoslaskie,Sep2017
562,379,1,17,29,34,28,30,36,31,26,42,37,21,19,10,7,11,0,polska,Sep2018
563,23,0,4,2,0,2,3,3,3,1,3,1,0,0,0,1,0,0,kuj-pom,Sep2018
564,13,0,0,1,1,1,1,0,2,1,0,1,1,1,1,0,2,0,podlaskie,Sep2018
565,20,0,0,0,7,1,0,2,1,0,2,5,0,0,0,0,2,0,pomorskie,Sep2018
566,13,0,2,0,2,1,0,2,1,2,1,0,0,1,1,0,0,0,lubuskie,Sep2018
567,46,1,0,9,1,2,3,7,3,5,7,4,1,1,1,0,1,0,slaskie,Sep2018
568,12,0,0,0,2,1,1,2,1,0,0,1,1,1,1,0,1,0,swietokrzyskie,Sep2018
569,21,0,2,0,2,2,1,2,2,2,1,1,3,0,2,1,0,0,malopolskie,Sep2018
570,31,0,0,3,2,1,3,3,5,3,2,5,1,2,0,1,0,0,lodzkie,Sep2018
571,24,0,4,2,2,1,1,0,2,1,4,2,2,3,0,0,0,0,lubelskie,Sep2018
572,21,0,1,1,2,0,2,3,1,2,3,3,1,1,1,0,0,0,warm-maz,Sep2018
573,5,0,0,1,0,0,0,1,0,0,2,0,0,1,0,0,0,0,opolskie,Sep2018
574,31,0,0,0,5,3,2,2,2,2,3,6,3,1,0,1,1,0,wielkopolskie,Sep2018
575,20,0,0,2,1,1,2,3,1,1,4,1,3,1,0,0,0,0,podkarpackie,Sep2018
576,10,0,0,1,0,0,2,0,1,1,1,0,0,2,1,0,1,0,zachpom,Sep2018
577,52,0,2,4,3,7,7,2,4,5,5,4,4,2,1,1,1,0,mazowieckie,Sep2018
578,37,0,2,3,4,5,2,4,2,0,4,3,1,2,1,2,2,0,dolnoslaskie,Sep2018
579,416,0,10,25,32,42,42,41,32,32,37,38,34,21,10,9,9,2,polska,Sep2019
580,20,0,0,3,3,1,1,3,0,1,1,3,0,2,1,0,1,0,kuj-pom,Sep2019
581,11,0,0,1,0,1,2,0,2,3,0,1,0,1,0,0,0,0,podlaskie,Sep2019
582,21,0,1,2,3,4,1,2,0,1,0,3,2,0,0,1,1,0,pomorskie,Sep2019
583,17,0,0,0,3,2,2,2,1,1,2,1,1,1,0,1,0,0,lubuskie,Sep2019
584,49,0,0,5,2,4,7,6,4,5,5,2,4,0,1,1,3,0,slaskie,Sep2019
585,6,0,0,0,1,3,0,0,0,1,0,0,1,0,0,0,0,0,swietokrzyskie,Sep2019
586,31,0,1,1,1,1,4,2,1,4,6,3,1,3,1,1,1,0,malopolskie,Sep2019
587,28,0,1,1,3,2,2,6,3,2,3,2,1,1,0,1,0,0,lodzkie,Sep2019
588,24,0,1,2,1,1,2,0,1,3,2,2,4,1,4,0,0,0,lubelskie,Sep2019
589,16,0,1,1,3,4,1,1,0,2,0,3,0,0,0,0,0,0,warm-maz,Sep2019
590,12,0,1,0,0,1,1,1,2,0,0,3,2,0,0,1,0,0,opolskie,Sep2019
591,38,0,1,1,3,4,2,6,3,2,4,3,4,4,0,0,1,0,wielkopolskie,Sep2019
592,17,0,1,2,1,3,1,0,3,2,1,2,1,0,0,0,0,0,podkarpackie,Sep2019
593,20,0,0,0,1,1,4,3,3,2,2,0,2,1,0,1,0,0,zachpom,Sep2019
594,68,0,0,4,6,5,9,4,7,1,9,7,7,4,3,0,2,0,mazowieckie,Sep2019
595,38,0,2,2,1,5,3,5,2,2,2,3,4,3,0,2,0,2,dolnoslaskie,Sep2019
596,415,1,17,30,29,37,35,41,32,37,37,32,30,21,12,13,10,1,polska,Sep2020
597,20,0,0,0,1,4,1,4,4,0,1,1,1,1,1,0,1,0,kuj-pom,Sep2020
598,16,0,0,0,0,3,0,2,2,1,3,1,0,3,0,1,0,0,podlaskie,Sep2020
599,32,0,0,5,2,3,4,2,2,4,4,2,1,2,1,0,0,0,pomorskie,Sep2020
600,12,0,0,1,0,2,0,1,1,1,2,2,1,1,0,0,0,0,lubuskie,Sep2020
601,36,0,2,2,5,1,3,2,2,2,4,3,5,3,1,1,0,0,slaskie,Sep2020
602,15,0,0,1,2,1,1,2,1,1,0,1,2,1,2,0,0,0,swietokrzyskie,Sep2020
603,40,0,2,3,2,3,3,4,5,3,4,2,6,0,0,2,1,0,malopolskie,Sep2020
604,19,0,0,1,0,3,0,0,2,4,2,1,2,1,0,1,2,0,lodzkie,Sep2020
605,31,0,2,2,2,0,6,6,1,1,3,2,1,1,1,1,2,0,lubelskie,Sep2020
606,14,0,0,0,1,1,1,1,1,1,1,1,2,3,0,1,0,0,warm-maz,Sep2020
607,6,0,0,0,0,2,1,1,0,0,0,1,0,0,0,0,1,0,opolskie,Sep2020
608,27,0,1,4,0,1,2,7,4,2,1,2,1,0,0,1,1,0,wielkopolskie,Sep2020
609,30,0,1,4,1,5,1,1,0,2,2,5,3,2,0,1,2,0,podkarpackie,Sep2020
610,19,0,2,1,1,1,2,3,1,1,2,3,0,0,0,1,0,1,zachpom,Sep2020
611,69,1,6,5,7,5,8,4,3,9,6,4,1,3,5,2,0,0,mazowieckie,Sep2020
612,29,0,1,1,5,2,2,1,3,5,2,1,4,0,1,1,0,0,dolnoslaskie,Sep2020
613,438,1,9,29,29,43,33,38,32,28,46,56,32,22,11,18,10,1,polska,Oct2017
614,24,0,0,2,0,3,2,3,5,2,1,1,2,1,1,1,0,0,kuj-pom,Oct2017
615,3,0,0,0,1,0,0,1,0,0,1,0,0,0,0,0,0,0,podlaskie,Oct2017
616,30,0,0,3,5,1,2,3,1,1,5,5,2,0,1,1,0,0,pomorskie,Oct2017
617,11,0,0,1,0,2,1,1,1,0,1,0,1,1,1,0,1,0,lubuskie,Oct2017
618,54,0,2,3,3,10,1,3,4,6,5,7,2,4,1,2,1,0,slaskie,Oct2017
619,15,0,1,1,0,0,0,1,0,1,1,4,2,3,0,1,0,0,swietokrzyskie,Oct2017
620,28,0,0,2,1,1,5,5,0,0,3,2,4,0,1,3,1,0,malopolskie,Oct2017
621,33,0,0,4,2,3,3,1,3,1,3,6,1,3,0,2,1,0,lodzkie,Oct2017
622,19,0,0,1,0,2,4,2,1,0,2,3,2,1,0,0,1,0,lubelskie,Oct2017
623,25,1,1,4,1,3,1,2,4,2,1,0,0,2,1,1,1,0,warm-maz,Oct2017
624,8,0,0,0,0,3,0,0,0,1,3,0,1,0,0,0,0,0,opolskie,Oct2017
625,37,0,0,1,5,1,4,3,3,2,4,7,2,1,1,2,1,0,wielkopolskie,Oct2017
626,28,0,1,1,1,2,1,2,3,5,5,1,4,0,1,1,0,0,podkarpackie,Oct2017
627,25,0,0,2,3,3,2,3,1,0,3,3,2,1,0,1,0,1,zachpom,Oct2017
628,65,0,3,2,5,5,2,5,3,6,7,13,5,3,1,2,3,0,mazowieckie,Oct2017
629,33,0,1,2,2,4,5,3,3,1,1,4,2,2,2,1,0,0,dolnoslaskie,Oct2017
630,417,1,12,37,28,30,42,33,32,41,47,37,22,17,18,7,12,1,polska,Oct2018
631,27,0,1,4,1,1,4,3,1,4,3,2,1,1,0,1,0,0,kuj-pom,Oct2018
632,13,0,0,2,1,0,1,1,1,0,2,3,0,1,0,0,1,0,podlaskie,Oct2018
633,29,0,3,4,2,4,3,1,3,2,2,3,1,0,0,0,1,0,pomorskie,Oct2018
634,6,0,0,0,0,0,1,1,1,0,0,0,2,1,0,0,0,0,lubuskie,Oct2018
635,61,0,1,3,6,5,7,5,3,7,9,0,5,4,4,1,1,0,slaskie,Oct2018
636,15,0,0,1,1,0,3,2,2,0,1,2,0,1,1,0,1,0,swietokrzyskie,Oct2018
637,24,0,1,1,1,0,1,3,1,2,2,2,3,3,2,1,0,1,malopolskie,Oct2018
638,18,0,1,2,0,2,0,2,0,2,4,2,0,0,1,1,1,0,lodzkie,Oct2018
639,20,0,1,1,0,2,2,2,2,3,2,1,0,0,2,0,2,0,lubelskie,Oct2018
640,20,1,0,1,0,1,1,2,4,1,0,2,1,3,1,1,1,0,warm-maz,Oct2018
641,13,0,0,0,1,0,1,0,2,3,1,1,1,1,2,0,0,0,opolskie,Oct2018
642,32,0,1,2,5,4,4,1,2,2,4,4,3,0,0,0,0,0,wielkopolskie,Oct2018
643,26,0,0,2,5,2,1,3,4,1,3,3,1,0,1,0,0,0,podkarpackie,Oct2018
644,13,0,1,4,0,0,0,1,1,1,1,2,0,0,0,0,2,0,zachpom,Oct2018
645,60,0,1,8,2,4,8,2,1,5,12,9,3,1,2,1,1,0,mazowieckie,Oct2018
646,40,0,1,2,3,5,5,4,4,8,1,1,1,1,2,1,1,0,dolnoslaskie,Oct2018
647,456,0,12,28,32,35,44,47,41,31,42,43,31,31,12,14,11,2,polska,Oct2019
648,26,0,1,3,1,3,0,2,4,0,3,3,3,2,0,0,1,0,kuj-pom,Oct2019
649,15,0,0,0,1,2,3,0,1,2,1,2,1,0,0,1,1,0,podlaskie,Oct2019
650,19,0,1,1,3,1,4,3,1,2,2,1,0,0,0,0,0,0,pomorskie,Oct2019
651,18,0,1,0,1,1,2,0,2,1,1,4,1,2,1,0,0,1,lubuskie,Oct2019
652,44,0,2,1,1,7,5,4,3,4,6,2,5,2,0,2,0,0,slaskie,Oct2019
653,18,0,0,1,0,1,2,1,2,2,2,0,2,3,1,1,0,0,swietokrzyskie,Oct2019
654,36,0,2,3,3,5,0,1,3,1,5,2,3,4,3,1,0,0,malopolskie,Oct2019
655,35,0,1,0,0,4,3,6,8,3,1,2,3,1,1,0,2,0,lodzkie,Oct2019
656,21,0,0,0,0,1,1,7,1,1,2,5,0,0,0,2,0,1,lubelskie,Oct2019
657,22,0,1,2,4,1,1,2,0,0,1,4,0,4,1,1,0,0,warm-maz,Oct2019
658,5,0,0,0,0,0,1,0,1,1,0,0,0,1,0,0,1,0,opolskie,Oct2019
659,43,0,3,2,6,2,3,3,4,4,2,3,2,3,1,2,3,0,wielkopolskie,Oct2019
660,22,0,0,4,1,1,3,2,1,1,5,1,1,2,0,0,0,0,podkarpackie,Oct2019
661,28,0,0,4,4,2,4,0,2,3,1,4,3,0,0,0,1,0,zachpom,Oct2019
662,62,0,0,2,4,4,5,12,6,5,6,4,5,3,3,2,1,0,mazowieckie,Oct2019
663,42,0,0,5,3,0,7,4,2,1,4,6,2,4,1,2,1,0,dolnoslaskie,Oct2019
664,449,0,13,38,37,50,39,35,44,27,32,44,43,16,9,13,9,0,polska,Oct2020
665,25,0,0,1,4,3,1,2,1,2,4,1,4,0,0,2,0,0,kuj-pom,Oct2020
666,21,0,1,6,1,2,0,1,2,1,2,5,0,0,0,0,0,0,podlaskie,Oct2020
667,29,0,2,3,3,2,1,2,2,1,2,5,2,2,0,2,0,0,pomorskie,Oct2020
668,14,0,0,1,1,0,2,1,2,1,0,3,1,1,1,0,0,0,lubuskie,Oct2020
669,46,0,1,3,3,6,2,6,3,2,3,5,4,2,1,4,1,0,slaskie,Oct2020
670,12,0,0,0,0,2,0,2,2,2,1,2,0,0,1,0,0,0,swietokrzyskie,Oct2020
671,47,0,0,3,6,1,8,6,5,3,3,4,3,2,1,1,1,0,malopolskie,Oct2020
672,22,0,0,1,3,2,1,1,3,2,0,3,4,1,1,0,0,0,lodzkie,Oct2020
673,20,0,0,2,0,2,1,3,4,2,0,2,4,0,0,0,0,0,lubelskie,Oct2020
674,28,0,1,4,1,1,5,1,1,2,6,2,2,0,0,1,1,0,warm-maz,Oct2020
675,10,0,1,1,1,2,1,0,2,0,0,0,0,0,0,1,1,0,opolskie,Oct2020
676,28,0,0,2,3,6,1,1,5,1,1,2,5,0,0,0,1,0,wielkopolskie,Oct2020
677,18,0,1,0,2,3,1,2,1,1,1,2,2,2,0,0,0,0,podkarpackie,Oct2020
678,19,0,0,3,0,0,4,0,4,2,1,2,1,0,0,0,2,0,zachpom,Oct2020
679,72,0,5,5,5,9,7,6,5,3,6,3,7,5,2,2,2,0,mazowieckie,Oct2020
680,38,0,1,3,4,9,4,1,2,2,2,3,4,1,2,0,0,0,dolnoslaskie,Oct2020
681,381,0,16,21,27,40,39,32,35,27,49,38,19,11,7,7,12,1,polska,Nov2017
682,17,0,1,1,0,1,3,2,1,0,0,4,2,0,1,1,0,0,kuj-pom,Nov2017
683,10,0,0,2,0,2,1,1,0,1,2,0,0,0,0,0,1,0,podlaskie,Nov2017
684,26,0,0,0,2,3,5,3,4,2,1,1,0,1,1,1,2,0,pomorskie,Nov2017
685,12,0,1,3,2,1,1,0,1,0,1,2,0,0,0,0,0,0,lubuskie,Nov2017
686,48,0,1,2,4,7,2,4,4,7,8,2,2,2,2,1,0,0,slaskie,Nov2017
687,12,0,0,0,2,0,1,2,0,2,3,1,0,1,0,0,0,0,swietokrzyskie,Nov2017
688,36,0,3,1,2,5,4,3,4,2,4,4,0,1,1,0,1,1,malopolskie,Nov2017
689,34,0,1,2,4,2,3,1,3,1,3,7,5,0,1,1,0,0,lodzkie,Nov2017
690,18,0,0,0,0,3,2,3,0,3,5,0,1,0,0,0,1,0,lubelskie,Nov2017
691,12,0,3,0,1,1,0,0,2,0,3,2,0,0,0,0,0,0,warm-maz,Nov2017
692,6,0,0,3,1,0,1,1,0,0,0,0,0,0,0,0,0,0,opolskie,Nov2017
693,28,0,0,1,2,2,4,5,1,1,6,2,1,0,0,2,1,0,wielkopolskie,Nov2017
694,17,0,1,1,2,0,2,2,3,1,2,3,0,0,0,0,0,0,podkarpackie,Nov2017
695,17,0,0,1,1,1,1,1,2,3,2,1,3,0,0,0,1,0,zachpom,Nov2017
696,59,0,1,3,1,8,8,4,8,1,6,8,1,4,1,1,4,0,mazowieckie,Nov2017
697,29,0,4,1,3,4,1,0,2,3,3,1,4,2,0,0,1,0,dolnoslaskie,Nov2017
698,404,0,6,35,32,38,28,34,36,32,40,35,28,23,17,8,12,0,polska,Nov2018
699,24,0,0,2,3,3,1,1,2,0,1,4,2,1,1,0,3,0,kuj-pom,Nov2018
700,13,0,0,2,2,0,2,1,2,2,0,0,0,2,0,0,0,0,podlaskie,Nov2018
701,33,0,1,4,3,1,4,2,2,2,2,4,3,0,3,0,2,0,pomorskie,Nov2018
702,13,0,0,0,0,1,0,2,2,2,1,3,1,0,0,1,0,0,lubuskie,Nov2018
703,41,0,1,1,5,4,1,4,1,2,9,0,1,4,5,0,3,0,slaskie,Nov2018
704,19,0,0,1,2,3,1,2,1,2,3,2,1,0,1,0,0,0,swietokrzyskie,Nov2018
705,23,0,0,1,0,2,0,1,6,2,2,3,0,3,1,1,1,0,malopolskie,Nov2018
706,24,0,1,1,2,1,2,4,2,3,3,1,2,1,0,0,1,0,lodzkie,Nov2018
707,20,0,0,2,1,3,2,0,2,4,2,1,2,1,0,0,0,0,lubelskie,Nov2018
708,14,0,0,3,2,1,1,0,1,0,1,1,2,1,0,0,1,0,warm-maz,Nov2018
709,9,0,0,0,2,0,1,1,0,0,1,1,1,2,0,0,0,0,opolskie,Nov2018
710,27,0,0,1,3,4,3,2,2,3,5,3,1,0,0,0,0,0,wielkopolskie,Nov2018
711,20,0,0,2,0,3,0,1,2,0,4,3,2,2,1,0,0,0,podkarpackie,Nov2018
712,31,0,2,6,2,2,4,2,1,1,1,3,3,1,2,1,0,0,zachpom,Nov2018
713,66,0,1,6,4,8,5,7,7,6,4,2,6,4,2,3,1,0,mazowieckie,Nov2018
714,27,0,0,3,1,2,1,4,3,3,1,4,1,1,1,2,0,0,dolnoslaskie,Nov2018
715,409,1,9,29,19,31,40,43,39,28,32,47,29,21,15,14,10,2,polska,Nov2019
716,18,0,0,0,0,0,1,3,3,2,3,2,2,1,0,0,1,0,kuj-pom,Nov2019
717,8,0,0,1,0,1,0,1,0,0,0,2,1,0,0,1,0,1,podlaskie,Nov2019
718,26,0,0,2,1,3,2,3,2,2,1,3,1,5,1,0,0,0,pomorskie,Nov2019
719,20,0,1,2,1,2,3,1,3,1,0,3,0,1,1,1,0,0,lubuskie,Nov2019
720,43,0,2,3,3,3,4,3,6,2,4,3,4,3,1,2,0,0,slaskie,Nov2019
721,16,0,0,0,0,2,4,3,1,2,1,1,2,0,0,0,0,0,swietokrzyskie,Nov2019
722,37,0,2,6,0,2,3,6,3,1,5,2,3,1,2,0,1,0,malopolskie,Nov2019
723,28,0,1,1,4,3,3,5,1,3,0,1,2,2,1,0,1,0,lodzkie,Nov2019
724,27,0,1,1,1,1,2,3,1,3,3,2,4,0,1,2,1,1,lubelskie,Nov2019
725,11,0,0,1,0,0,2,0,2,0,2,1,1,0,1,1,0,0,warm-maz,Nov2019
726,14,0,0,2,1,0,0,2,1,1,0,3,1,1,1,0,1,0,opolskie,Nov2019
727,34,0,0,0,0,2,6,7,2,3,5,4,1,1,1,1,1,0,wielkopolskie,Nov2019
728,21,0,0,0,1,1,2,2,2,2,2,4,1,1,1,2,0,0,podkarpackie,Nov2019
729,16,0,0,1,2,2,0,2,1,0,1,3,2,2,0,0,0,0,zachpom,Nov2019
730,58,1,2,5,2,4,4,2,10,5,3,7,1,2,3,3,4,0,mazowieckie,Nov2019
731,32,0,0,4,3,5,4,0,1,1,2,6,3,1,1,1,0,0,dolnoslaskie,Nov2019
732,379,0,12,28,29,36,42,36,26,25,36,34,23,24,9,10,7,2,polska,Nov2020
733,22,0,0,1,2,3,1,2,0,1,7,2,1,2,0,0,0,0,kuj-pom,Nov2020
734,10,0,0,1,1,1,1,2,0,0,4,0,0,0,0,0,0,0,podlaskie,Nov2020
735,18,0,0,3,2,0,3,0,2,2,3,1,0,0,0,0,1,1,pomorskie,Nov2020
736,14,0,0,2,1,0,2,4,0,0,0,1,0,2,1,1,0,0,lubuskie,Nov2020
737,47,0,1,5,4,6,5,3,4,1,3,7,2,2,2,1,1,0,slaskie,Nov2020
738,17,0,0,1,2,1,3,1,2,3,1,1,1,0,0,0,1,0,swietokrzyskie,Nov2020
739,27,0,0,0,1,2,5,5,1,1,1,3,2,2,2,2,0,0,malopolskie,Nov2020
740,35,0,1,0,3,4,4,2,3,6,4,2,3,3,0,0,0,0,lodzkie,Nov2020
741,11,0,0,2,0,0,1,2,2,0,0,1,2,1,0,0,0,0,lubelskie,Nov2020
742,14,0,1,0,0,1,2,3,2,3,2,0,0,0,0,0,0,0,warm-maz,Nov2020
743,10,0,0,1,1,0,2,0,1,0,0,0,1,1,2,0,1,0,opolskie,Nov2020
744,31,0,0,1,3,2,5,2,1,0,2,4,5,3,0,3,0,0,wielkopolskie,Nov2020
745,17,0,1,1,0,3,0,2,2,1,1,2,1,2,1,0,0,0,podkarpackie,Nov2020
746,17,0,0,3,3,3,1,1,1,3,1,0,0,1,0,0,0,0,zachpom,Nov2020
747,58,0,4,4,5,7,6,4,4,2,5,6,2,5,0,1,2,1,mazowieckie,Nov2020
748,31,0,4,3,1,3,1,3,1,2,2,4,3,0,1,2,1,0,dolnoslaskie,Nov2020
749,419,0,13,25,27,44,42,47,33,32,41,29,29,13,16,18,9,1,polska,Dec2017
750,16,0,1,1,0,1,0,4,1,0,1,2,1,1,2,1,0,0,kuj-pom,Dec2017
751,15,0,4,0,1,2,2,1,1,0,2,0,0,0,1,0,0,1,podlaskie,Dec2017
752,25,0,1,3,3,1,3,3,2,3,1,0,1,0,2,1,1,0,pomorskie,Dec2017
753,17,0,0,1,1,1,2,2,1,2,1,1,0,1,0,2,2,0,lubuskie,Dec2017
754,34,0,1,3,4,4,5,5,2,0,4,1,2,0,1,2,0,0,slaskie,Dec2017
755,15,0,0,0,0,2,1,3,2,1,0,2,2,2,0,0,0,0,swietokrzyskie,Dec2017
756,40,0,0,3,3,6,1,4,5,4,2,1,3,3,2,2,1,0,malopolskie,Dec2017
757,35,0,0,1,1,4,5,4,2,4,5,3,3,0,2,1,0,0,lodzkie,Dec2017
758,32,0,0,2,0,1,3,5,3,3,5,2,3,2,1,1,1,0,lubelskie,Dec2017
759,20,0,0,1,3,2,3,2,3,1,1,1,0,3,0,0,0,0,warm-maz,Dec2017
760,12,0,0,0,3,0,2,1,3,2,0,1,0,0,0,0,0,0,opolskie,Dec2017
761,30,0,2,3,1,1,2,4,1,0,6,4,3,1,1,1,0,0,wielkopolskie,Dec2017
762,12,0,1,1,0,0,2,1,0,2,2,2,0,0,0,1,0,0,podkarpackie,Dec2017
763,19,0,0,1,1,2,3,2,1,2,3,2,0,0,0,1,1,0,zachpom,Dec2017
764,58,0,3,5,3,11,5,3,4,5,2,3,6,0,3,4,1,0,mazowieckie,Dec2017
765,39,0,0,0,3,6,3,3,2,3,6,4,5,0,1,1,2,0,dolnoslaskie,Dec2017
766,364,0,6,25,32,39,36,32,27,28,28,42,18,17,11,8,14,1,polska,Dec2018
767,21,0,1,1,1,3,2,2,0,0,3,2,1,0,0,2,3,0,kuj-pom,Dec2018
768,13,0,0,1,2,2,1,1,2,1,1,1,0,1,0,0,0,0,podlaskie,Dec2018
769,23,0,0,0,4,3,2,4,3,2,0,1,1,1,1,0,1,0,pomorskie,Dec2018
770,9,0,0,0,0,3,1,1,0,1,1,2,0,0,0,0,0,0,lubuskie,Dec2018
771,32,0,0,3,4,1,5,1,2,2,3,5,1,2,2,0,1,0,slaskie,Dec2018
772,14,0,0,2,1,1,1,0,1,1,2,0,2,1,0,1,1,0,swietokrzyskie,Dec2018
773,33,0,0,2,2,2,4,3,2,5,3,2,2,4,1,0,1,0,malopolskie,Dec2018
774,22,0,0,2,1,2,1,2,2,1,1,4,1,2,1,1,1,0,lodzkie,Dec2018
775,24,0,1,1,4,2,3,3,1,2,1,5,0,0,1,0,0,0,lubelskie,Dec2018
776,12,0,0,2,0,0,1,2,1,0,0,3,0,2,0,0,1,0,warm-maz,Dec2018
777,8,0,0,0,1,4,0,0,1,0,0,1,0,0,1,0,0,0,opolskie,Dec2018
778,28,0,1,1,3,3,2,3,2,2,4,5,0,0,0,0,2,0,wielkopolskie,Dec2018
779,18,0,1,0,0,4,0,0,2,3,1,0,2,3,2,0,0,0,podkarpackie,Dec2018
780,15,0,1,4,1,0,3,0,0,2,2,1,0,1,0,0,0,0,zachpom,Dec2018
781,56,0,0,2,4,6,6,6,7,3,3,8,5,0,2,2,1,1,mazowieckie,Dec2018
782,36,0,1,4,4,3,4,4,1,3,3,2,3,0,0,2,2,0,dolnoslaskie,Dec2018
783,415,1,10,29,49,36,41,27,29,31,30,52,30,14,12,11,13,0,polska,Dec2019
784,23,0,0,4,2,3,2,2,1,1,1,2,4,1,0,0,0,0,kuj-pom,Dec2019
785,14,0,0,0,2,1,2,0,0,3,0,1,4,0,1,0,0,0,podlaskie,Dec2019
786,25,0,2,2,3,3,4,1,0,1,1,6,1,0,0,1,0,0,pomorskie,Dec2019
787,19,0,0,3,2,1,2,1,1,1,3,2,1,0,1,1,0,0,lubuskie,Dec2019
788,31,0,1,1,4,3,3,0,5,4,1,3,3,2,0,1,0,0,slaskie,Dec2019
789,16,0,0,1,2,1,1,1,1,2,1,3,1,0,1,0,1,0,swietokrzyskie,Dec2019
790,36,0,0,5,3,4,3,3,1,1,3,5,3,1,1,2,1,0,malopolskie,Dec2019
791,28,0,0,3,0,2,1,2,3,3,5,3,0,2,1,0,3,0,lodzkie,Dec2019
792,32,0,2,0,2,3,5,1,2,7,0,6,1,0,0,2,1,0,lubelskie,Dec2019
793,23,0,0,0,5,2,3,1,0,1,2,1,2,2,1,1,2,0,warm-maz,Dec2019
794,8,0,0,0,2,0,1,2,1,0,1,1,0,0,0,0,0,0,opolskie,Dec2019
795,37,1,1,3,6,4,2,4,2,1,1,4,1,3,2,0,2,0,wielkopolskie,Dec2019
796,18,0,0,0,4,1,1,1,1,2,1,5,1,0,1,0,0,0,podkarpackie,Dec2019
797,17,0,0,0,2,0,1,1,1,0,3,4,2,0,1,1,1,0,zachpom,Dec2019
798,51,0,4,4,5,5,6,7,7,2,3,2,2,1,1,1,1,0,mazowieckie,Dec2019
799,37,0,0,3,5,3,4,0,3,2,4,4,4,2,1,1,1,0,dolnoslaskie,Dec2019
800,421,0,10,31,41,30,44,49,25,32,35,31,30,21,11,14,17,0,polska,Dec2020
801,14,0,0,2,2,1,0,1,1,1,2,2,0,1,0,0,1,0,kuj-pom,Dec2020
802,10,0,0,0,2,1,1,2,1,1,0,0,1,0,1,0,0,0,podlaskie,Dec2020
803,19,0,0,2,2,0,4,4,2,3,1,0,0,0,0,0,1,0,pomorskie,Dec2020
804,16,0,0,0,1,1,1,3,0,1,4,1,0,1,1,0,2,0,lubuskie,Dec2020
805,49,0,1,3,4,3,4,3,3,5,7,3,3,2,1,6,1,0,slaskie,Dec2020
806,13,0,0,0,2,1,3,0,1,0,1,1,2,0,1,0,1,0,swietokrzyskie,Dec2020
807,42,0,1,2,4,3,7,4,3,3,2,0,4,3,0,2,4,0,malopolskie,Dec2020
808,27,0,1,3,2,0,3,3,4,1,3,1,4,1,0,0,1,0,lodzkie,Dec2020
809,25,0,1,2,0,2,3,6,0,1,4,2,2,1,1,0,0,0,lubelskie,Dec2020
810,13,0,0,1,2,0,1,3,0,0,0,1,3,2,0,0,0,0,warm-maz,Dec2020
811,9,0,1,1,0,1,2,1,0,1,1,0,0,0,0,1,0,0,opolskie,Dec2020
812,36,0,2,1,4,1,2,8,1,1,4,4,3,0,2,2,1,0,wielkopolskie,Dec2020
813,22,0,0,2,2,3,2,1,2,6,1,1,0,2,0,0,0,0,podkarpackie,Dec2020
814,21,0,1,2,2,4,2,1,0,0,1,2,1,3,1,1,0,0,zachpom,Dec2020
815,57,0,1,6,6,6,4,4,4,7,1,8,2,3,2,1,2,0,mazowieckie,Dec2020
816,48,0,1,4,6,3,5,5,3,1,3,5,5,2,1,1,3,0,dolnoslaskie,Dec2020